classification;digit;code;OJI;OPI;OSI;CAI
isco88;2;10;6;6;9;6
isco88;2;11;4;2;6;3
isco88;2;12;4;2;6;4
isco88;2;13;6;5;9;6
isco88;2;21;1;1;2;3
isco88;2;22;6;5;6;6
isco88;2;23;4;4;5;1
isco88;2;24;1;1;1;1
isco88;2;31;5;5;7;5
isco88;2;32;6;6;6;6
isco88;2;33;5;6;5;5
isco88;2;34;3;3;3;2
isco88;2;41;2;2;1;3
isco88;2;42;5;4;8;5
isco88;2;51;7;7;9;7
isco88;2;52;7;6;8;6
isco88;2;61;9;10;3;8
isco88;2;71;10;10;3;10
isco88;2;72;9;9;7;8
isco88;2;73;6;7;6;10
isco88;2;74;6;8;5;10
isco88;2;81;10;8;9;10
isco88;2;82;10;8;10;9
isco88;2;83;8;7;10;7
isco88;2;91;8;8;9;7
isco88;2;92;6;8;6;8
isco88;2;93;7;9;5;8
isco88;3;100;6;6;9;7
isco88;3;111;4;2;7;4
isco88;3;114;3;3;5;2
isco88;3;120;4;4;6;4
isco88;3;121;4;3;7;4
isco88;3;122;5;4;8;5
isco88;3;123;3;1;6;1
isco88;3;130;6;4;10;5
isco88;3;131;6;5;9;7
isco88;3;211;3;4;2;5
isco88;3;212;1;1;1;2
isco88;3;213;3;1;5;1
isco88;3;214;2;1;2;4
isco88;3;221;5;5;5;7
isco88;3;222;6;6;9;7
isco88;3;231;4;4;5;2
isco88;3;232;5;5;5;3
isco88;3;233;5;5;5;3
isco88;3;234;5;5;4;2
isco88;3;235;4;4;4;2
isco88;3;240;2;2;3;3
isco88;3;241;1;1;2;1
isco88;3;242;1;1;2;1
isco88;3;243;2;3;1;3
isco88;3;244;2;2;2;2
isco88;3;245;4;4;6;4
isco88;3;246;3;2;5;1
isco88;3;247;2;1;3;1
isco88;3;311;4;4;3;6
isco88;3;312;3;3;6;2
isco88;3;313;6;6;9;4
isco88;3;314;6;6;10;5
isco88;3;315;6;5;8;7
isco88;3;321;5;5;5;7
isco88;3;322;4;5;3;5
isco88;3;323;8;7;10;5
isco88;3;332;5;6;5;3
isco88;3;333;6;6;6;4
isco88;3;334;5;5;5;5
isco88;3;341;3;3;4;1
isco88;3;342;3;3;4;2
isco88;3;343;1;2;1;2
isco88;3;344;1;2;1;3
isco88;3;345;5;4;7;5
isco88;3;346;6;6;8;4
isco88;3;347;5;5;5;5
isco88;3;348;5;4;5;4
isco88;3;411;1;3;1;3
isco88;3;412;1;2;1;1
isco88;3;413;4;4;3;5
isco88;3;414;4;5;3;5
isco88;3;419;2;3;1;3
isco88;3;421;5;5;9;6
isco88;3;422;4;4;8;4
isco88;3;511;10;8;10;7
isco88;3;512;9;8;9;8
isco88;3;513;6;6;7;5
isco88;3;514;7;7;8;9
isco88;3;516;9;7;10;8
isco88;3;522;6;7;6;6
isco88;3;525;8;8;9;7
isco88;3;610;7;9;4;8
isco88;3;611;8;9;4;8
isco88;3;612;9;9;6;9
isco88;3;614;9;10;3;9
isco88;3;615;9;10;3;8
isco88;3;711;10;10;4;10
isco88;3;712;10;10;3;10
isco88;3;713;10;10;4;10
isco88;3;714;10;10;5;10
isco88;3;721;10;10;7;10
isco88;3;722;8;9;7;9
isco88;3;723;9;9;8;9
isco88;3;724;6;7;6;8
isco88;3;731;5;7;3;10
isco88;3;732;7;8;6;10
isco88;3;734;7;8;9;8
isco88;3;741;9;9;7;9
isco88;3;742;7;9;5;10
isco88;3;743;5;6;4;8
isco88;3;744;7;9;5;10
isco88;3;811;7;8;8;10
isco88;3;812;10;9;10;10
isco88;3;813;8;8;8;10
isco88;3;814;9;9;9;10
isco88;3;815;8;8;9;9
isco88;3;816;8;8;9;9
isco88;3;821;10;10;9;9
isco88;3;822;9;9;9;9
isco88;3;823;9;9;9;10
isco88;3;824;10;8;10;9
isco88;3;825;9;8;10;9
isco88;3;826;10;9;10;10
isco88;3;827;9;8;10;8
isco88;3;828;7;7;10;8
isco88;3;829;10;9;10;9
isco88;3;831;8;6;10;6
isco88;3;832;7;6;10;7
isco88;3;833;9;8;9;9
isco88;3;834;9;8;10;7
isco88;3;911;8;8;9;7
isco88;3;913;8;8;8;7
isco88;3;914;8;8;6;7
isco88;3;915;7;7;10;6
isco88;3;916;9;10;8;8
isco88;3;921;7;8;6;8
isco88;3;931;9;10;3;9
isco88;3;932;8;9;7;8
isco88;3;933;7;8;6;7
isco88;4;1000;7;5;10;7
isco88;4;1110;4;1;8;4
isco88;4;1142;3;3;4;2
isco88;4;1200;4;4;7;4
isco88;4;1210;3;3;7;4
isco88;4;1221;5;5;8;6
isco88;4;1222;6;5;9;7
isco88;4;1225;6;6;8;7
isco88;4;1226;4;4;8;6
isco88;4;1227;3;3;4;4
isco88;4;1229;5;4;9;4
isco88;4;1231;3;3;3;2
isco88;4;1232;2;1;2;1
isco88;4;1233;4;3;7;2
isco88;4;1234;3;1;6;1
isco88;4;1235;3;1;6;1
isco88;4;1236;4;2;8;1
isco88;4;1239;4;2;8;1
isco88;4;1300;5;3;10;4
isco88;4;1311;6;5;9;6
isco88;4;1312;5;4;8;6
isco88;4;1313;6;4;9;6
isco88;4;1314;6;5;8;6
isco88;4;1315;8;7;10;8
isco88;4;1316;6;5;9;7
isco88;4;1317;6;5;9;7
isco88;4;1318;5;4;9;6
isco88;4;1319;6;5;9;7
isco88;4;2111;2;4;2;6
isco88;4;2112;3;3;2;5
isco88;4;2113;3;4;2;7
isco88;4;2114;3;4;3;5
isco88;4;2121;1;1;2;2
isco88;4;2122;1;1;1;2
isco88;4;2131;3;1;7;1
isco88;4;2139;3;1;6;1
isco88;4;2141;1;1;2;3
isco88;4;2142;3;3;3;5
isco88;4;2143;2;2;2;4
isco88;4;2144;2;1;4;2
isco88;4;2145;2;1;2;3
isco88;4;2146;3;3;4;6
isco88;4;2147;3;2;3;5
isco88;4;2148;2;3;2;4
isco88;4;2149;3;3;4;5
isco88;4;2211;4;5;4;7
isco88;4;2212;5;5;5;7
isco88;4;2213;5;5;5;7
isco88;4;2221;8;5;10;6
isco88;4;2222;5;6;6;6
isco88;4;2223;7;7;8;7
isco88;4;2224;5;5;6;6
isco88;4;2310;3;3;5;2
isco88;4;2320;5;4;6;4
isco88;4;2331;5;5;4;4
isco88;4;2340;4;5;3;3
isco88;4;2359;4;4;3;2
isco88;4;2400;3;3;2;4
isco88;4;2411;1;1;1;1
isco88;4;2412;1;2;1;2
isco88;4;2419;2;2;3;1
isco88;4;2421;2;1;4;1
isco88;4;2422;2;1;3;1
isco88;4;2429;1;1;1;1
isco88;4;2431;3;4;2;4
isco88;4;2432;2;3;1;3
isco88;4;2441;1;2;1;2
isco88;4;2442;3;3;3;4
isco88;4;2443;2;3;2;4
isco88;4;2444;1;1;1;2
isco88;4;2445;2;2;2;1
isco88;4;2446;4;4;4;4
isco88;4;2451;3;1;7;2
isco88;4;2452;3;4;4;7
isco88;4;2453;5;4;9;5
isco88;4;2455;5;5;8;5
isco88;4;2460;4;2;8;1
isco88;4;2470;2;1;2;1
isco88;4;3111;4;6;2;8
isco88;4;3112;3;4;1;5
isco88;4;3113;4;4;3;6
isco88;4;3114;4;4;5;6
isco88;4;3115;4;5;5;6
isco88;4;3117;5;5;5;7
isco88;4;3118;1;3;1;4
isco88;4;3119;3;4;3;6
isco88;4;3120;3;1;5;1
isco88;4;3121;3;1;4;1
isco88;4;3122;4;3;6;4
isco88;4;3131;5;4;7;3
isco88;4;3132;7;7;8;4
isco88;4;3133;10;8;10;4
isco88;4;3139;7;6;9;7
isco88;4;3141;7;7;8;6
isco88;4;3142;7;6;10;6
isco88;4;3143;8;5;10;5
isco88;4;3144;7;5;9;6
isco88;4;3151;6;5;8;7
isco88;4;3152;6;6;8;7
isco88;4;3211;5;5;5;7
isco88;4;3212;5;6;3;8
isco88;4;3213;4;4;4;7
isco88;4;3222;4;4;3;5
isco88;4;3223;4;5;4;6
isco88;4;3224;3;4;2;5
isco88;4;3226;5;5;3;4
isco88;4;3228;5;5;4;6
isco88;4;3229;3;4;1;4
isco88;4;3231;10;8;10;6
isco88;4;3232;8;7;9;4
isco88;4;3320;5;6;4;2
isco88;4;3330;7;6;8;5
isco88;4;3340;4;5;4;6
isco88;4;3411;3;3;4;2
isco88;4;3412;3;2;6;1
isco88;4;3413;3;3;4;2
isco88;4;3414;3;3;4;2
isco88;4;3415;3;3;5;3
isco88;4;3416;3;3;3;2
isco88;4;3417;3;3;4;2
isco88;4;3419;4;4;3;3
isco88;4;3421;3;3;4;2
isco88;4;3429;3;2;3;1
isco88;4;3431;1;2;1;2
isco88;4;3432;1;1;2;2
isco88;4;3433;1;1;2;1
isco88;4;3442;1;3;1;4
isco88;4;3443;1;2;2;2
isco88;4;3449;1;2;1;3
isco88;4;3450;5;4;9;7
isco88;4;3460;10;8;10;4
isco88;4;3471;4;4;4;6
isco88;4;3472;5;4;6;5
isco88;4;3474;5;5;5;5
isco88;4;3475;5;6;5;5
isco88;4;3480;5;4;6;4
isco88;4;4111;2;3;1;4
isco88;4;4113;2;2;2;4
isco88;4;4115;1;2;1;3
isco88;4;4121;1;1;1;1
isco88;4;4122;1;2;1;1
isco88;4;4131;6;7;5;7
isco88;4;4132;1;2;1;4
isco88;4;4133;4;4;6;4
isco88;4;4141;4;4;4;6
isco88;4;4142;6;7;4;5
isco88;4;4190;2;3;1;3
isco88;4;4211;6;5;10;5
isco88;4;4212;5;4;8;5
isco88;4;4213;5;5;9;7
isco88;4;4215;5;4;8;6
isco88;4;4221;4;4;7;5
isco88;4;4222;3;4;5;4
isco88;4;4223;4;3;9;2
isco88;4;5111;10;9;10;7
isco88;4;5112;9;7;10;5
isco88;4;5113;10;8;10;7
isco88;4;5121;7;7;7;8
isco88;4;5122;9;8;9;8
isco88;4;5123;9;8;10;10
isco88;4;5131;5;6;6;3
isco88;4;5132;6;6;6;5
isco88;4;5133;7;6;8;6
isco88;4;5139;5;6;5;6
isco88;4;5141;5;7;4;9
isco88;4;5143;7;6;8;8
isco88;4;5149;7;7;8;9
isco88;4;5161;10;10;10;10
isco88;4;5162;6;5;9;7
isco88;4;5163;5;5;9;7
isco88;4;5169;9;7;10;8
isco88;4;5220;6;6;7;5
isco88;4;5250;9;7;9;8
isco88;4;6100;7;7;4;8
isco88;4;6111;8;9;4;8
isco88;4;6112;8;9;3;8
isco88;4;6121;10;10;8;8
isco88;4;6122;8;9;6;9
isco88;4;6129;8;9;6;8
isco88;4;6141;9;10;2;9
isco88;4;6150;9;10;3;8
isco88;4;7111;10;10;6;10
isco88;4;7112;9;10;4;10
isco88;4;7113;9;10;2;10
isco88;4;7122;9;10;1;10
isco88;4;7123;9;10;3;10
isco88;4;7124;9;10;3;10
isco88;4;7129;9;10;3;10
isco88;4;7131;10;10;4;10
isco88;4;7132;10;10;4;10
isco88;4;7133;9;10;3;10
isco88;4;7134;10;10;5;10
isco88;4;7135;8;10;3;9
isco88;4;7136;10;10;5;9
isco88;4;7137;8;9;5;9
isco88;4;7139;10;10;6;10
isco88;4;7141;9;10;5;10
isco88;4;7143;8;9;5;9
isco88;4;7211;10;10;8;10
isco88;4;7212;10;10;8;10
isco88;4;7213;9;10;8;10
isco88;4;7214;10;10;5;10
isco88;4;7215;7;8;6;10
isco88;4;7216;10;10;8;10
isco88;4;7221;9;10;8;9
isco88;4;7222;7;8;6;8
isco88;4;7223;9;9;9;8
isco88;4;7224;7;8;5;9
isco88;4;7231;10;10;8;9
isco88;4;7232;9;9;8;9
isco88;4;7233;8;9;6;9
isco88;4;7241;7;7;7;8
isco88;4;7242;5;5;7;7
isco88;4;7244;5;6;5;7
isco88;4;7245;6;7;6;8
isco88;4;7311;4;5;3;10
isco88;4;7312;5;8;3;10
isco88;4;7313;5;6;3;10
isco88;4;7321;8;9;6;10
isco88;4;7322;8;9;8;10
isco88;4;7324;6;7;5;10
isco88;4;7341;6;6;8;8
isco88;4;7343;6;6;7;8
isco88;4;7344;5;5;8;8
isco88;4;7345;9;8;10;8
isco88;4;7346;9;9;10;9
isco88;4;7411;8;9;7;8
isco88;4;7412;8;8;8;10
isco88;4;7413;8;7;8;9
isco88;4;7416;9;9;8;10
isco88;4;7422;8;9;5;10
isco88;4;7423;8;9;7;9
isco88;4;7431;5;7;4;8
isco88;4;7432;5;6;4;7
isco88;4;7433;4;4;4;7
isco88;4;7434;5;7;4;8
isco88;4;7436;4;5;4;8
isco88;4;7437;4;6;2;8
isco88;4;7442;8;10;4;10
isco88;4;8111;7;6;8;9
isco88;4;8112;7;6;8;10
isco88;4;8113;7;7;8;10
isco88;4;8121;10;10;10;10
isco88;4;8122;10;10;10;10
isco88;4;8123;9;9;9;10
isco88;4;8124;10;9;10;10
isco88;4;8131;8;9;8;10
isco88;4;8141;8;9;6;10
isco88;4;8142;8;8;9;10
isco88;4;8143;9;9;9;9
isco88;4;8152;7;7;7;8
isco88;4;8159;8;8;9;9
isco88;4;8161;7;7;8;9
isco88;4;8162;9;8;9;9
isco88;4;8163;7;8;7;9
isco88;4;8211;8;9;8;9
isco88;4;8212;10;10;9;10
isco88;4;8221;9;8;10;8
isco88;4;8223;10;10;8;10
isco88;4;8229;7;7;7;8
isco88;4;8231;8;8;9;10
isco88;4;8232;9;9;9;9
isco88;4;8240;9;8;10;8
isco88;4;8252;10;9;10;10
isco88;4;8253;8;7;9;9
isco88;4;8261;10;10;10;10
isco88;4;8262;9;8;9;10
isco88;4;8264;8;8;9;9
isco88;4;8266;9;8;9;10
isco88;4;8269;8;8;9;9
isco88;4;8271;8;7;9;8
isco88;4;8272;8;8;9;8
isco88;4;8273;8;7;9;8
isco88;4;8274;9;7;10;8
isco88;4;8275;10;9;10;9
isco88;4;8276;8;7;9;8
isco88;4;8278;9;8;10;8
isco88;4;8279;9;8;10;9
isco88;4;8281;8;7;10;8
isco88;4;8282;7;5;9;8
isco88;4;8284;7;5;10;8
isco88;4;8290;10;9;10;9
isco88;4;8311;8;6;10;6
isco88;4;8312;7;5;10;4
isco88;4;8322;5;6;8;6
isco88;4;8323;7;5;10;7
isco88;4;8324;7;7;9;7
isco88;4;8332;9;10;8;10
isco88;4;8333;9;8;10;8
isco88;4;8334;6;7;7;9
isco88;4;8340;9;9;9;7
isco88;4;9111;8;8;9;7
isco88;4;9131;7;7;6;7
isco88;4;9132;9;9;9;8
isco88;4;9141;6;7;4;7
isco88;4;9142;9;9;7;8
isco88;4;9151;9;7;10;4
isco88;4;9152;5;5;9;6
isco88;4;9161;9;10;7;8
isco88;4;9162;9;10;8;8
isco88;4;9211;7;8;5;9
isco88;4;9311;9;10;4;9
isco88;4;9313;8;10;1;9
isco88;4;9320;8;8;8;7
isco88;4;9330;7;8;6;7
kldb92;2;1;7;9;4;9
kldb92;2;2;9;9;7;9
kldb92;2;3;5;5;6;7
kldb92;2;5;6;8;2;6
kldb92;2;6;7;9;3;7
kldb92;2;7;10;10;9;10
kldb92;2;8;7;8;6;9
kldb92;2;10;9;10;3;10
kldb92;2;11;10;10;9;10
kldb92;2;12;9;10;7;10
kldb92;2;13;9;9;8;10
kldb92;2;14;8;8;8;8
kldb92;2;15;9;9;9;10
kldb92;2;16;9;9;9;9
kldb92;2;17;7;8;9;8
kldb92;2;18;7;9;4;10
kldb92;2;19;10;10;10;10
kldb92;2;20;10;10;9;10
kldb92;2;21;8;9;7;9
kldb92;2;22;10;9;10;10
kldb92;2;23;10;10;8;10
kldb92;2;24;8;9;7;10
kldb92;2;25;10;10;5;10
kldb92;2;26;9;10;4;10
kldb92;2;27;10;10;8;9
kldb92;2;28;9;9;8;9
kldb92;2;29;7;8;8;8
kldb92;2;30;4;5;2;9
kldb92;2;31;6;7;6;8
kldb92;2;32;7;8;9;8
kldb92;2;33;10;9;9;10
kldb92;2;34;7;8;7;8
kldb92;2;35;5;5;4;7
kldb92;2;36;5;4;6;7
kldb92;2;37;9;10;4;10
kldb92;2;39;9;8;9;9
kldb92;2;40;8;9;6;7
kldb92;2;41;9;9;8;9
kldb92;2;42;10;9;10;10
kldb92;2;43;9;9;9;8
kldb92;2;44;9;10;2;10
kldb92;2;46;10;10;6;10
kldb92;2;47;7;10;2;9
kldb92;2;48;10;10;3;10
kldb92;2;49;6;9;4;9
kldb92;2;50;10;10;8;10
kldb92;2;51;10;10;7;10
kldb92;2;52;7;8;8;7
kldb92;2;53;9;9;10;8
kldb92;2;54;9;9;10;9
kldb92;2;55;9;9;8;8
kldb92;2;60;2;3;2;5
kldb92;2;61;3;4;2;6
kldb92;2;62;4;4;2;6
kldb92;2;63;5;7;4;8
kldb92;2;64;1;3;1;4
kldb92;2;65;5;5;6;7
kldb92;2;66;7;6;6;5
kldb92;2;67;4;4;3;3
kldb92;2;68;4;4;4;4
kldb92;2;69;1;2;2;2
kldb92;2;70;3;3;6;4
kldb92;2;71;8;7;10;7
kldb92;2;72;9;8;10;6
kldb92;2;73;6;5;8;5
kldb92;2;74;8;8;9;7
kldb92;2;75;2;1;3;1
kldb92;2;76;2;1;3;1
kldb92;2;77;3;1;4;1
kldb92;2;78;1;2;1;2
kldb92;2;79;7;7;9;7
kldb92;2;80;9;8;10;8
kldb92;2;81;3;2;4;2
kldb92;2;82;3;3;4;4
kldb92;2;83;5;5;7;6
kldb92;2;84;7;6;9;6
kldb92;2;85;6;6;7;5
kldb92;2;86;5;5;6;4
kldb92;2;87;4;4;5;3
kldb92;2;88;2;3;1;3
kldb92;2;89;5;4;8;2
kldb92;2;90;5;6;4;9
kldb92;2;91;8;7;10;8
kldb92;2;92;6;7;4;7
kldb92;2;93;10;9;9;9
kldb92;2;97;4;4;4;7
kldb92;2;98;3;4;4;7
kldb92;2;99;4;5;2;5
kldb92;3;11;7;8;4;9
kldb92;3;12;7;8;4;9
kldb92;3;13;8;9;5;10
kldb92;3;14;7;8;5;9
kldb92;3;23;9;9;7;9
kldb92;3;24;8;9;7;9
kldb92;3;31;6;5;7;7
kldb92;3;32;4;4;5;7
kldb92;3;51;8;9;2;7
kldb92;3;52;4;5;1;6
kldb92;3;53;6;7;3;5
kldb92;3;61;5;7;3;7
kldb92;3;62;8;10;2;8
kldb92;3;70;10;10;8;10
kldb92;3;71;10;10;8;10
kldb92;3;72;10;10;9;10
kldb92;3;80;6;8;5;10
kldb92;3;101;9;10;2;10
kldb92;3;112;10;10;9;10
kldb92;3;121;9;10;6;10
kldb92;3;131;10;10;9;10
kldb92;3;135;7;9;6;10
kldb92;3;141;8;7;9;8
kldb92;3;142;6;7;6;8
kldb92;3;145;8;8;8;9
kldb92;3;150;9;9;8;10
kldb92;3;152;8;9;9;9
kldb92;3;153;8;8;8;10
kldb92;3;161;10;9;9;9
kldb92;3;162;8;8;8;9
kldb92;3;164;7;8;8;8
kldb92;3;171;4;4;6;6
kldb92;3;172;6;6;8;8
kldb92;3;173;7;7;8;8
kldb92;3;174;8;9;9;9
kldb92;3;175;10;9;10;9
kldb92;3;176;6;6;8;8
kldb92;3;178;9;9;10;8
kldb92;3;179;8;8;9;8
kldb92;3;181;6;9;3;10
kldb92;3;191;10;10;10;10
kldb92;3;194;10;10;10;10
kldb92;3;201;10;10;9;10
kldb92;3;211;9;9;8;9
kldb92;3;212;6;8;5;10
kldb92;3;213;8;9;6;8
kldb92;3;220;10;9;9;10
kldb92;3;221;10;10;9;10
kldb92;3;222;9;9;8;9
kldb92;3;224;10;10;10;10
kldb92;3;225;8;8;8;9
kldb92;3;229;10;9;9;10
kldb92;3;231;10;10;8;10
kldb92;3;233;10;10;7;10
kldb92;3;234;10;10;8;10
kldb92;3;235;10;10;7;10
kldb92;3;241;10;10;8;10
kldb92;3;245;6;7;6;10
kldb92;3;250;9;10;5;10
kldb92;3;252;10;10;6;9
kldb92;3;254;10;10;4;10
kldb92;3;255;10;10;7;10
kldb92;3;256;10;10;6;10
kldb92;3;259;10;10;5;10
kldb92;3;261;8;10;4;9
kldb92;3;264;10;10;5;10
kldb92;3;265;9;10;5;10
kldb92;3;266;9;10;4;10
kldb92;3;267;10;10;4;10
kldb92;3;268;10;10;6;10
kldb92;3;269;8;9;6;9
kldb92;3;270;10;10;7;9
kldb92;3;273;10;10;7;9
kldb92;3;274;10;10;6;10
kldb92;3;276;10;10;7;9
kldb92;3;278;9;9;8;9
kldb92;3;281;9;9;9;9
kldb92;3;282;9;10;5;9
kldb92;3;283;10;9;8;9
kldb92;3;287;10;10;8;9
kldb92;3;290;7;8;6;8
kldb92;3;292;6;7;6;8
kldb92;3;293;7;8;7;8
kldb92;3;294;7;8;6;8
kldb92;3;295;7;6;8;8
kldb92;3;300;5;6;3;8
kldb92;3;302;4;5;2;9
kldb92;3;303;4;6;2;10
kldb92;3;304;4;4;2;8
kldb92;3;305;5;7;2;10
kldb92;3;307;4;5;2;10
kldb92;3;308;4;5;3;9
kldb92;3;309;5;6;3;9
kldb92;3;310;7;8;5;8
kldb92;3;311;7;7;7;8
kldb92;3;312;6;6;5;7
kldb92;3;313;6;7;4;10
kldb92;3;315;5;5;4;8
kldb92;3;316;6;6;7;8
kldb92;3;317;6;6;7;7
kldb92;3;318;7;8;6;9
kldb92;3;321;7;6;9;8
kldb92;3;322;7;6;9;8
kldb92;3;323;8;9;8;8
kldb92;3;331;10;10;8;10
kldb92;3;332;10;10;9;10
kldb92;3;341;7;7;6;8
kldb92;3;351;4;4;4;6
kldb92;3;352;5;5;4;7
kldb92;3;353;6;6;6;8
kldb92;3;354;5;5;6;7
kldb92;3;358;4;4;4;7
kldb92;3;359;6;7;6;7
kldb92;3;361;5;4;6;8
kldb92;3;372;7;10;4;10
kldb92;3;373;8;10;6;10
kldb92;3;374;9;10;6;10
kldb92;3;378;9;10;4;10
kldb92;3;391;10;9;9;10
kldb92;3;392;8;8;8;9
kldb92;3;393;7;7;8;9
kldb92;3;401;8;9;6;6
kldb92;3;411;8;8;8;9
kldb92;3;421;10;9;8;9
kldb92;3;423;10;9;9;10
kldb92;3;424;10;10;9;10
kldb92;3;431;8;8;8;8
kldb92;3;435;10;9;9;10
kldb92;3;440;9;10;3;10
kldb92;3;441;9;10;1;10
kldb92;3;442;8;10;3;10
kldb92;3;443;10;10;3;10
kldb92;3;460;10;10;7;10
kldb92;3;461;10;10;4;10
kldb92;3;463;10;10;7;10
kldb92;3;465;10;10;5;10
kldb92;3;466;10;10;6;10
kldb92;3;472;7;10;1;10
kldb92;3;481;10;10;3;10
kldb92;3;482;10;10;4;10
kldb92;3;483;10;10;4;10
kldb92;3;484;10;10;4;10
kldb92;3;485;8;10;3;9
kldb92;3;486;10;10;3;10
kldb92;3;487;10;10;3;10
kldb92;3;488;10;10;4;10
kldb92;3;491;6;9;3;9
kldb92;3;492;6;7;4;8
kldb92;3;501;10;10;5;10
kldb92;3;502;10;10;8;10
kldb92;3;505;10;9;8;9
kldb92;3;506;10;10;8;10
kldb92;3;510;10;10;4;10
kldb92;3;511;10;10;4;10
kldb92;3;512;10;10;8;10
kldb92;3;521;6;7;7;7
kldb92;3;522;7;8;8;7
kldb92;3;523;8;7;8;7
kldb92;3;531;9;9;10;8
kldb92;3;540;9;9;9;9
kldb92;3;541;7;7;8;9
kldb92;3;544;8;9;8;9
kldb92;3;545;7;8;8;10
kldb92;3;546;8;9;8;9
kldb92;3;549;8;8;9;9
kldb92;3;550;9;9;8;8
kldb92;3;600;3;2;4;5
kldb92;3;601;1;1;2;4
kldb92;3;602;2;2;3;4
kldb92;3;603;2;3;3;5
kldb92;3;604;2;3;2;5
kldb92;3;605;3;2;3;5
kldb92;3;606;4;3;4;6
kldb92;3;607;3;2;3;5
kldb92;3;608;4;4;3;6
kldb92;3;609;1;2;2;4
kldb92;3;611;3;4;3;6
kldb92;3;612;2;4;2;6
kldb92;3;620;4;4;3;6
kldb92;3;621;5;5;6;6
kldb92;3;622;4;4;4;6
kldb92;3;623;3;4;2;5
kldb92;3;624;3;4;1;6
kldb92;3;625;5;5;5;6
kldb92;3;626;4;6;2;6
kldb92;3;627;4;5;3;7
kldb92;3;628;3;3;3;5
kldb92;3;629;4;4;3;5
kldb92;3;631;6;7;3;8
kldb92;3;632;6;7;4;8
kldb92;3;633;5;7;3;9
kldb92;3;634;5;6;4;8
kldb92;3;641;1;2;1;4
kldb92;3;642;1;2;1;4
kldb92;3;651;6;6;8;8
kldb92;3;652;5;6;3;7
kldb92;3;660;6;7;7;5
kldb92;3;661;7;7;7;5
kldb92;3;662;6;6;6;5
kldb92;3;663;6;6;5;5
kldb92;3;670;4;4;3;4
kldb92;3;671;3;3;2;2
kldb92;3;672;5;5;4;4
kldb92;3;673;4;5;3;4
kldb92;3;674;4;5;3;5
kldb92;3;675;5;6;4;4
kldb92;3;676;5;5;5;5
kldb92;3;677;3;3;4;2
kldb92;3;678;3;4;3;3
kldb92;3;683;3;3;4;2
kldb92;3;685;4;4;4;4
kldb92;3;686;5;5;6;7
kldb92;3;687;4;4;4;4
kldb92;3;689;4;4;6;4
kldb92;3;691;1;1;1;1
kldb92;3;692;3;2;4;1
kldb92;3;695;1;2;3;2
kldb92;3;701;4;3;7;3
kldb92;3;702;4;4;7;5
kldb92;3;703;3;2;4;1
kldb92;3;704;3;2;5;3
kldb92;3;705;4;4;6;6
kldb92;3;706;4;4;6;5
kldb92;3;711;8;6;10;7
kldb92;3;712;8;6;10;5
kldb92;3;713;6;6;10;6
kldb92;3;714;7;6;10;7
kldb92;3;715;8;7;10;7
kldb92;3;716;10;9;10;8
kldb92;3;721;8;8;9;7
kldb92;3;723;9;9;9;6
kldb92;3;724;8;6;9;6
kldb92;3;726;8;6;10;6
kldb92;3;732;7;7;7;6
kldb92;3;735;5;4;9;4
kldb92;3;741;6;7;6;8
kldb92;3;742;7;7;9;8
kldb92;3;743;8;9;8;8
kldb92;3;744;8;8;9;7
kldb92;3;750;3;2;6;2
kldb92;3;751;3;3;5;3
kldb92;3;753;1;1;3;1
kldb92;3;754;1;1;2;1
kldb92;3;755;2;1;4;1
kldb92;3;756;3;2;3;2
kldb92;3;757;2;1;3;1
kldb92;3;761;3;1;6;2
kldb92;3;763;3;2;3;1
kldb92;3;764;2;1;3;1
kldb92;3;765;1;1;2;1
kldb92;3;771;1;2;2;1
kldb92;3;772;1;1;2;1
kldb92;3;773;5;4;9;3
kldb92;3;774;3;1;7;1
kldb92;3;775;3;1;5;1
kldb92;3;776;3;1;6;1
kldb92;3;777;3;1;5;1
kldb92;3;778;4;2;7;1
kldb92;3;779;2;1;5;1
kldb92;3;780;2;2;1;2
kldb92;3;782;1;2;1;4
kldb92;3;783;1;2;1;3
kldb92;3;784;1;3;1;3
kldb92;3;785;1;2;1;3
kldb92;3;786;1;2;1;2
kldb92;3;787;2;3;1;3
kldb92;3;788;2;3;1;3
kldb92;3;789;1;2;1;2
kldb92;3;791;8;6;10;7
kldb92;3;792;6;6;9;7
kldb92;3;793;6;5;8;7
kldb92;3;794;8;8;9;8
kldb92;3;795;9;8;9;10
kldb92;3;796;6;7;4;7
kldb92;3;801;6;5;9;7
kldb92;3;802;10;8;10;10
kldb92;3;803;8;8;9;8
kldb92;3;804;8;10;6;10
kldb92;3;805;8;7;9;8
kldb92;3;811;3;1;4;1
kldb92;3;812;2;2;3;1
kldb92;3;813;1;1;2;1
kldb92;3;814;4;4;8;4
kldb92;3;821;3;1;7;2
kldb92;3;822;2;2;3;4
kldb92;3;823;3;4;3;5
kldb92;3;831;5;4;8;5
kldb92;3;832;6;5;8;6
kldb92;3;833;5;5;7;6
kldb92;3;834;4;4;5;6
kldb92;3;835;6;5;8;6
kldb92;3;836;5;5;5;6
kldb92;3;837;5;5;5;5
kldb92;3;838;6;6;7;5
kldb92;3;839;5;5;5;6
kldb92;3;841;8;6;10;6
kldb92;3;842;6;6;7;6
kldb92;3;843;7;6;8;6
kldb92;3;844;6;6;7;6
kldb92;3;851;6;6;7;5
kldb92;3;852;6;6;5;5
kldb92;3;853;9;8;10;6
kldb92;3;854;10;9;10;6
kldb92;3;855;6;5;6;6
kldb92;3;856;4;5;4;5
kldb92;3;857;6;6;8;6
kldb92;3;858;6;6;6;6
kldb92;3;859;4;4;2;5
kldb92;3;861;4;4;6;5
kldb92;3;862;5;5;5;4
kldb92;3;863;5;5;5;2
kldb92;3;864;8;7;9;4
kldb92;3;865;6;6;7;5
kldb92;3;866;6;6;8;5
kldb92;3;867;5;6;4;4
kldb92;3;868;3;3;3;3
kldb92;3;869;4;4;4;5
kldb92;3;870;5;4;7;2
kldb92;3;871;4;4;4;2
kldb92;3;872;5;4;7;3
kldb92;3;873;5;5;5;4
kldb92;3;874;5;4;6;4
kldb92;3;875;5;4;5;4
kldb92;3;876;6;6;5;5
kldb92;3;878;5;5;7;6
kldb92;3;879;4;4;4;3
kldb92;3;880;2;3;1;5
kldb92;3;881;1;2;1;2
kldb92;3;882;4;4;3;5
kldb92;3;883;3;4;2;5
kldb92;3;884;2;2;2;3
kldb92;3;885;3;3;2;2
kldb92;3;886;2;2;1;1
kldb92;3;887;2;2;1;2
kldb92;3;891;4;3;8;1
kldb92;3;894;5;4;8;2
kldb92;3;901;6;7;4;10
kldb92;3;902;4;5;3;8
kldb92;3;911;7;7;9;8
kldb92;3;912;9;8;10;8
kldb92;3;914;7;6;10;7
kldb92;3;915;7;7;8;9
kldb92;3;921;5;6;4;7
kldb92;3;923;6;7;5;7
kldb92;3;931;10;9;9;9
kldb92;3;934;9;9;8;8
kldb92;3;935;9;10;7;10
kldb92;3;936;10;10;8;9
kldb92;3;937;10;10;9;9
kldb92;3;971;4;4;4;8
kldb92;3;982;3;4;3;6
kldb92;3;993;4;5;3;5
kldb92;3;994;4;6;1;5
kldb92;3;995;4;5;2;5
kldb92;3;997;4;5;2;5
kldb92;4;110;7;7;4;8
kldb92;4;111;7;8;4;9
kldb92;4;114;7;8;4;9
kldb92;4;120;7;8;5;8
kldb92;4;130;7;9;5;10
kldb92;4;133;7;8;5;9
kldb92;4;137;9;10;7;10
kldb92;4;140;7;8;6;9
kldb92;4;230;8;9;7;9
kldb92;4;231;10;10;8;8
kldb92;4;232;9;9;8;9
kldb92;4;234;8;9;7;9
kldb92;4;235;9;9;7;9
kldb92;4;236;9;9;7;9
kldb92;4;237;8;8;7;9
kldb92;4;238;9;10;7;9
kldb92;4;240;8;9;7;9
kldb92;4;242;8;8;7;8
kldb92;4;244;8;9;7;9
kldb92;4;245;8;9;7;9
kldb92;4;246;8;9;7;9
kldb92;4;311;6;6;7;7
kldb92;4;320;4;4;6;7
kldb92;4;323;5;5;6;8
kldb92;4;324;4;4;5;7
kldb92;4;325;4;4;5;7
kldb92;4;326;4;4;5;7
kldb92;4;510;8;10;3;8
kldb92;4;511;8;10;3;9
kldb92;4;512;8;10;3;7
kldb92;4;513;7;9;3;8
kldb92;4;515;7;8;2;7
kldb92;4;517;8;9;3;7
kldb92;4;518;7;9;2;8
kldb92;4;519;8;10;3;8
kldb92;4;521;3;4;2;5
kldb92;4;523;3;4;2;5
kldb92;4;524;4;6;2;6
kldb92;4;529;4;5;2;6
kldb92;4;530;6;7;4;5
kldb92;4;531;6;7;3;5
kldb92;4;537;6;7;4;5
kldb92;4;611;5;6;4;7
kldb92;4;613;6;7;4;7
kldb92;4;614;4;5;3;6
kldb92;4;619;5;7;3;7
kldb92;4;621;9;10;2;9
kldb92;4;622;8;10;2;8
kldb92;4;623;7;10;3;8
kldb92;4;700;10;10;8;10
kldb92;4;707;10;10;8;10
kldb92;4;711;10;10;8;10
kldb92;4;715;9;9;8;9
kldb92;4;718;9;9;8;9
kldb92;4;721;10;10;9;10
kldb92;4;801;6;7;6;9
kldb92;4;806;6;7;6;9
kldb92;4;807;7;8;6;10
kldb92;4;1010;8;10;2;10
kldb92;4;1011;9;10;2;10
kldb92;4;1012;9;10;2;10
kldb92;4;1013;9;10;2;10
kldb92;4;1015;9;10;2;10
kldb92;4;1017;9;10;3;10
kldb92;4;1018;9;10;2;10
kldb92;4;1121;10;10;9;10
kldb92;4;1124;10;10;8;10
kldb92;4;1210;9;10;6;10
kldb92;4;1211;9;10;7;10
kldb92;4;1214;9;10;6;10
kldb92;4;1217;9;10;7;10
kldb92;4;1310;10;9;10;10
kldb92;4;1312;10;10;9;10
kldb92;4;1317;9;10;8;10
kldb92;4;1319;9;10;8;10
kldb92;4;1350;7;8;6;10
kldb92;4;1351;7;8;6;10
kldb92;4;1356;7;8;6;10
kldb92;4;1359;7;9;6;10
kldb92;4;1410;8;8;8;9
kldb92;4;1411;8;7;9;8
kldb92;4;1413;7;6;8;8
kldb92;4;1414;8;7;8;8
kldb92;4;1415;7;6;8;8
kldb92;4;1417;8;7;9;8
kldb92;4;1419;8;7;9;8
kldb92;4;1421;7;7;6;8
kldb92;4;1427;6;7;5;8
kldb92;4;1450;8;8;8;9
kldb92;4;1451;8;8;8;10
kldb92;4;1453;8;8;8;9
kldb92;4;1457;8;8;8;10
kldb92;4;1458;8;9;7;10
kldb92;4;1500;9;10;8;10
kldb92;4;1501;9;9;8;9
kldb92;4;1507;8;8;8;10
kldb92;4;1520;9;9;9;8
kldb92;4;1523;8;9;8;8
kldb92;4;1524;8;8;9;9
kldb92;4;1525;7;8;8;8
kldb92;4;1527;8;9;9;8
kldb92;4;1530;8;7;8;10
kldb92;4;1610;10;9;10;10
kldb92;4;1613;9;8;9;9
kldb92;4;1614;9;8;10;8
kldb92;4;1617;9;9;9;8
kldb92;4;1620;8;8;8;9
kldb92;4;1621;8;8;8;9
kldb92;4;1627;8;7;9;9
kldb92;4;1647;7;7;7;8
kldb92;4;1710;3;3;5;5
kldb92;4;1711;4;3;7;6
kldb92;4;1715;3;3;5;6
kldb92;4;1718;4;4;6;6
kldb92;4;1720;6;5;7;7
kldb92;4;1722;6;6;7;8
kldb92;4;1723;5;6;7;8
kldb92;4;1730;7;7;8;8
kldb92;4;1740;8;8;8;9
kldb92;4;1741;9;9;9;8
kldb92;4;1742;8;8;8;9
kldb92;4;1743;9;9;9;10
kldb92;4;1749;8;8;9;9
kldb92;4;1751;9;9;10;10
kldb92;4;1753;10;9;10;9
kldb92;4;1762;5;5;7;8
kldb92;4;1780;9;9;10;8
kldb92;4;1782;9;9;10;9
kldb92;4;1790;8;8;8;8
kldb92;4;1793;9;9;9;9
kldb92;4;1795;8;7;9;9
kldb92;4;1810;6;9;3;10
kldb92;4;1812;6;9;3;10
kldb92;4;1817;6;9;3;10
kldb92;4;1910;10;10;10;10
kldb92;4;1912;9;10;9;10
kldb92;4;1914;10;10;10;10
kldb92;4;1915;9;9;9;10
kldb92;4;1916;10;10;9;10
kldb92;4;1943;10;9;10;10
kldb92;4;1944;10;9;10;10
kldb92;4;1945;10;10;10;10
kldb92;4;2010;10;10;9;10
kldb92;4;2013;10;10;9;10
kldb92;4;2014;10;10;9;10
kldb92;4;2015;10;10;9;10
kldb92;4;2018;10;10;9;10
kldb92;4;2019;10;10;9;10
kldb92;4;2111;10;10;9;9
kldb92;4;2113;9;8;8;9
kldb92;4;2121;6;7;5;10
kldb92;4;2125;6;7;5;9
kldb92;4;2129;6;8;5;10
kldb92;4;2132;8;10;6;8
kldb92;4;2133;8;9;5;8
kldb92;4;2200;9;9;9;9
kldb92;4;2210;9;9;9;9
kldb92;4;2211;9;9;9;9
kldb92;4;2217;10;10;9;10
kldb92;4;2220;8;8;7;8
kldb92;4;2221;8;9;8;8
kldb92;4;2229;9;9;8;9
kldb92;4;2240;10;10;10;10
kldb92;4;2241;10;10;10;10
kldb92;4;2247;10;10;10;10
kldb92;4;2249;10;10;10;10
kldb92;4;2250;9;9;9;10
kldb92;4;2251;8;8;8;8
kldb92;4;2253;8;8;9;8
kldb92;4;2254;7;8;7;9
kldb92;4;2258;6;7;6;9
kldb92;4;2292;9;9;8;10
kldb92;4;2295;9;9;8;10
kldb92;4;2310;10;10;8;10
kldb92;4;2319;10;10;8;10
kldb92;4;2331;9;10;7;10
kldb92;4;2337;9;10;7;10
kldb92;4;2340;10;10;8;10
kldb92;4;2347;10;10;7;10
kldb92;4;2349;10;10;8;10
kldb92;4;2351;10;10;8;10
kldb92;4;2359;10;10;7;10
kldb92;4;2410;10;10;8;10
kldb92;4;2412;10;10;8;10
kldb92;4;2414;9;10;7;10
kldb92;4;2451;6;6;7;10
kldb92;4;2455;6;7;6;10
kldb92;4;2457;5;6;5;9
kldb92;4;2459;6;7;6;10
kldb92;4;2500;8;10;5;9
kldb92;4;2520;10;10;6;9
kldb92;4;2521;10;10;7;8
kldb92;4;2540;10;10;7;10
kldb92;4;2541;9;10;3;9
kldb92;4;2542;8;10;4;9
kldb92;4;2543;9;10;4;10
kldb92;4;2547;10;10;6;10
kldb92;4;2549;9;10;5;10
kldb92;4;2550;10;10;7;10
kldb92;4;2551;10;10;5;10
kldb92;4;2553;10;10;7;10
kldb92;4;2557;10;10;9;10
kldb92;4;2559;10;10;7;10
kldb92;4;2560;9;10;6;10
kldb92;4;2563;10;10;6;10
kldb92;4;2591;10;10;5;10
kldb92;4;2610;7;8;3;9
kldb92;4;2613;8;9;5;9
kldb92;4;2614;8;9;4;8
kldb92;4;2640;10;10;4;10
kldb92;4;2642;10;10;6;10
kldb92;4;2643;10;10;6;10
kldb92;4;2649;8;9;4;9
kldb92;4;2650;9;10;7;10
kldb92;4;2651;8;9;4;10
kldb92;4;2661;9;10;5;9
kldb92;4;2667;9;10;5;10
kldb92;4;2671;10;10;3;10
kldb92;4;2680;10;10;6;10
kldb92;4;2681;10;10;6;10
kldb92;4;2682;10;10;7;10
kldb92;4;2690;9;9;7;8
kldb92;4;2691;9;10;7;9
kldb92;4;2697;6;6;7;8
kldb92;4;2700;9;9;7;9
kldb92;4;2730;8;9;6;9
kldb92;4;2731;10;10;9;9
kldb92;4;2732;8;10;7;9
kldb92;4;2733;9;10;8;9
kldb92;4;2737;8;9;7;9
kldb92;4;2739;10;10;8;10
kldb92;4;2740;9;10;5;10
kldb92;4;2741;10;10;7;9
kldb92;4;2760;9;10;7;9
kldb92;4;2769;10;10;7;10
kldb92;4;2781;8;8;7;9
kldb92;4;2782;9;9;8;9
kldb92;4;2810;10;10;8;9
kldb92;4;2811;8;8;9;8
kldb92;4;2812;9;9;9;9
kldb92;4;2813;8;7;9;8
kldb92;4;2817;10;8;10;8
kldb92;4;2819;8;8;8;9
kldb92;4;2821;8;10;4;9
kldb92;4;2830;10;10;8;9
kldb92;4;2833;9;8;8;8
kldb92;4;2835;8;8;8;9
kldb92;4;2839;9;9;7;9
kldb92;4;2870;9;9;8;9
kldb92;4;2871;10;10;7;10
kldb92;4;2872;10;10;8;10
kldb92;4;2877;10;9;10;8
kldb92;4;2879;9;9;8;9
kldb92;4;2900;7;8;6;8
kldb92;4;2907;6;7;6;8
kldb92;4;2921;6;7;6;8
kldb92;4;2924;6;7;7;8
kldb92;4;2931;7;8;7;8
kldb92;4;2944;7;8;6;9
kldb92;4;2953;7;5;9;7
kldb92;4;2954;6;6;8;7
kldb92;4;3000;4;4;2;7
kldb92;4;3002;7;9;5;8
kldb92;4;3004;4;5;3;8
kldb92;4;3008;4;6;3;8
kldb92;4;3009;5;6;3;8
kldb92;4;3021;4;5;2;8
kldb92;4;3022;4;5;2;9
kldb92;4;3031;4;6;3;10
kldb92;4;3037;4;5;3;10
kldb92;4;3041;3;4;2;6
kldb92;4;3052;6;9;2;10
kldb92;4;3053;5;7;2;10
kldb92;4;3054;4;6;2;9
kldb92;4;3071;4;5;2;10
kldb92;4;3072;4;5;2;10
kldb92;4;3081;4;5;3;8
kldb92;4;3094;5;6;4;10
kldb92;4;3098;5;6;4;9
kldb92;4;3099;5;6;3;10
kldb92;4;3100;8;9;5;9
kldb92;4;3107;7;8;5;8
kldb92;4;3110;7;8;6;9
kldb92;4;3111;8;8;8;8
kldb92;4;3112;8;7;8;9
kldb92;4;3113;6;6;5;8
kldb92;4;3114;6;7;6;8
kldb92;4;3117;6;6;7;9
kldb92;4;3120;5;5;5;7
kldb92;4;3122;5;6;6;7
kldb92;4;3123;6;7;6;7
kldb92;4;3125;6;6;5;8
kldb92;4;3129;6;6;5;7
kldb92;4;3130;7;8;6;10
kldb92;4;3131;7;8;5;10
kldb92;4;3132;6;6;5;9
kldb92;4;3134;6;7;4;10
kldb92;4;3151;5;5;5;8
kldb92;4;3153;4;4;3;8
kldb92;4;3160;6;6;7;8
kldb92;4;3161;5;5;6;8
kldb92;4;3162;6;6;7;8
kldb92;4;3163;6;6;7;8
kldb92;4;3165;8;7;9;8
kldb92;4;3167;6;6;8;8
kldb92;4;3168;6;6;7;8
kldb92;4;3169;6;6;7;8
kldb92;4;3170;6;6;8;8
kldb92;4;3171;5;5;7;7
kldb92;4;3175;5;5;7;7
kldb92;4;3181;8;9;6;9
kldb92;4;3219;6;6;9;8
kldb92;4;3221;6;6;9;8
kldb92;4;3229;7;6;9;8
kldb92;4;3231;9;9;9;8
kldb92;4;3232;9;10;8;8
kldb92;4;3237;8;8;7;8
kldb92;4;3239;7;8;8;9
kldb92;4;3310;9;9;7;10
kldb92;4;3311;8;8;7;9
kldb92;4;3312;10;10;8;10
kldb92;4;3317;9;10;7;10
kldb92;4;3321;10;10;9;10
kldb92;4;3327;10;10;9;10
kldb92;4;3410;7;8;6;7
kldb92;4;3411;7;7;7;8
kldb92;4;3413;6;7;6;8
kldb92;4;3415;7;7;7;8
kldb92;4;3510;4;4;5;5
kldb92;4;3513;3;4;4;6
kldb92;4;3516;4;4;4;6
kldb92;4;3522;4;5;4;6
kldb92;4;3530;6;6;6;8
kldb92;4;3533;6;6;7;8
kldb92;4;3541;5;5;6;6
kldb92;4;3580;3;4;4;8
kldb92;4;3590;7;8;7;8
kldb92;4;3591;6;7;6;7
kldb92;4;3597;6;7;6;8
kldb92;4;3610;5;4;6;8
kldb92;4;3720;7;10;4;10
kldb92;4;3722;6;10;3;10
kldb92;4;3737;8;9;6;10
kldb92;4;3741;9;10;6;10
kldb92;4;3743;9;10;6;10
kldb92;4;3745;9;10;6;10
kldb92;4;3787;9;10;4;10
kldb92;4;3910;9;9;9;10
kldb92;4;3911;9;9;9;10
kldb92;4;3914;9;8;10;9
kldb92;4;3917;9;7;10;9
kldb92;4;3918;10;9;9;10
kldb92;4;3920;7;7;7;8
kldb92;4;3921;8;8;8;9
kldb92;4;3923;8;8;8;9
kldb92;4;3930;7;7;8;9
kldb92;4;3931;7;7;8;8
kldb92;4;3932;8;6;9;8
kldb92;4;3937;7;7;8;9
kldb92;4;4010;8;9;6;7
kldb92;4;4012;8;9;7;6
kldb92;4;4013;8;9;6;7
kldb92;4;4014;8;9;6;7
kldb92;4;4017;7;8;6;6
kldb92;4;4110;9;9;9;10
kldb92;4;4114;8;8;8;9
kldb92;4;4115;8;7;8;8
kldb92;4;4116;8;8;8;9
kldb92;4;4117;9;9;9;8
kldb92;4;4212;9;9;8;9
kldb92;4;4217;10;9;8;9
kldb92;4;4230;9;9;9;9
kldb92;4;4233;10;10;9;10
kldb92;4;4237;10;9;9;9
kldb92;4;4240;10;10;9;10
kldb92;4;4243;10;10;9;10
kldb92;4;4247;10;9;9;10
kldb92;4;4310;8;7;8;8
kldb92;4;4313;8;7;8;8
kldb92;4;4317;8;7;8;8
kldb92;4;4350;10;10;9;10
kldb92;4;4351;8;8;8;9
kldb92;4;4353;10;10;9;10
kldb92;4;4357;9;9;9;8
kldb92;4;4401;9;10;2;10
kldb92;4;4402;8;10;2;10
kldb92;4;4403;9;10;4;9
kldb92;4;4404;9;10;3;10
kldb92;4;4410;9;10;1;10
kldb92;4;4411;8;10;2;9
kldb92;4;4413;9;10;3;10
kldb92;4;4414;9;10;2;10
kldb92;4;4416;8;10;2;9
kldb92;4;4420;9;10;4;10
kldb92;4;4421;8;9;4;10
kldb92;4;4423;8;10;4;10
kldb92;4;4425;8;10;4;10
kldb92;4;4431;10;10;5;9
kldb92;4;4437;10;10;3;10
kldb92;4;4601;10;10;7;10
kldb92;4;4602;10;10;7;10
kldb92;4;4603;10;10;7;10
kldb92;4;4610;10;10;5;10
kldb92;4;4611;10;10;5;10
kldb92;4;4613;10;10;5;10
kldb92;4;4615;10;10;4;10
kldb92;4;4617;9;10;4;10
kldb92;4;4631;10;10;7;10
kldb92;4;4637;10;10;8;10
kldb92;4;4653;9;10;4;8
kldb92;4;4661;10;10;7;10
kldb92;4;4663;10;10;6;10
kldb92;4;4664;10;10;6;10
kldb92;4;4721;7;10;1;9
kldb92;4;4729;7;10;1;10
kldb92;4;4810;9;10;2;10
kldb92;4;4811;10;10;3;10
kldb92;4;4820;10;10;6;10
kldb92;4;4822;10;10;5;10
kldb92;4;4823;10;10;5;10
kldb92;4;4824;9;10;4;10
kldb92;4;4829;10;10;5;10
kldb92;4;4830;10;10;5;10
kldb92;4;4831;10;10;4;10
kldb92;4;4832;10;10;4;10
kldb92;4;4840;10;10;5;10
kldb92;4;4842;9;10;5;10
kldb92;4;4850;8;9;3;9
kldb92;4;4851;8;9;3;9
kldb92;4;4852;8;10;3;8
kldb92;4;4853;8;10;2;9
kldb92;4;4862;10;10;4;10
kldb92;4;4864;9;10;3;10
kldb92;4;4870;9;10;3;10
kldb92;4;4871;10;10;3;10
kldb92;4;4874;10;10;3;10
kldb92;4;4877;9;10;3;10
kldb92;4;4880;10;10;3;10
kldb92;4;4881;10;10;4;10
kldb92;4;4885;10;10;6;10
kldb92;4;4910;5;7;3;8
kldb92;4;4913;6;9;3;8
kldb92;4;4915;8;10;5;10
kldb92;4;4920;5;7;3;8
kldb92;4;4926;5;6;5;8
kldb92;4;5010;8;9;4;10
kldb92;4;5012;10;10;5;10
kldb92;4;5013;9;10;6;10
kldb92;4;5014;8;10;4;8
kldb92;4;5015;9;10;6;9
kldb92;4;5021;9;9;8;10
kldb92;4;5022;10;10;8;10
kldb92;4;5029;10;10;8;10
kldb92;4;5050;8;8;7;9
kldb92;4;5051;9;9;8;9
kldb92;4;5052;8;8;7;9
kldb92;4;5054;10;10;9;9
kldb92;4;5055;10;9;8;9
kldb92;4;5057;9;9;8;8
kldb92;4;5061;10;10;8;10
kldb92;4;5063;10;10;8;10
kldb92;4;5101;9;10;4;10
kldb92;4;5110;9;10;3;10
kldb92;4;5113;10;10;4;10
kldb92;4;5114;10;10;6;10
kldb92;4;5119;10;10;4;10
kldb92;4;5120;10;10;9;10
kldb92;4;5123;9;10;9;10
kldb92;4;5126;9;10;8;10
kldb92;4;5129;10;10;8;10
kldb92;4;5210;6;7;7;6
kldb92;4;5211;7;8;6;6
kldb92;4;5212;6;6;8;8
kldb92;4;5213;7;7;7;7
kldb92;4;5215;6;6;6;6
kldb92;4;5220;7;8;6;8
kldb92;4;5221;6;6;6;7
kldb92;4;5223;7;7;8;7
kldb92;4;5224;8;8;8;7
kldb92;4;5225;9;9;8;8
kldb92;4;5226;9;8;9;8
kldb92;4;5227;7;7;7;6
kldb92;4;5229;7;8;7;6
kldb92;4;5230;8;7;9;7
kldb92;4;5231;8;7;8;8
kldb92;4;5232;8;7;9;6
kldb92;4;5311;6;6;7;7
kldb92;4;5312;9;8;10;9
kldb92;4;5313;10;9;10;9
kldb92;4;5314;9;8;10;8
kldb92;4;5315;9;9;9;8
kldb92;4;5319;10;9;10;8
kldb92;4;5400;10;9;10;9
kldb92;4;5410;7;7;8;9
kldb92;4;5413;7;6;9;8
kldb92;4;5414;8;7;9;8
kldb92;4;5440;8;8;9;9
kldb92;4;5446;8;9;7;9
kldb92;4;5450;7;8;8;10
kldb92;4;5452;7;8;7;10
kldb92;4;5460;8;9;8;10
kldb92;4;5464;8;9;8;8
kldb92;4;5491;8;8;8;9
kldb92;4;5494;8;6;9;8
kldb92;4;5495;9;9;9;10
kldb92;4;5496;8;8;8;10
kldb92;4;5498;9;8;9;9
kldb92;4;5501;9;9;9;8
kldb92;4;5504;8;9;8;8
kldb92;4;6000;2;2;3;5
kldb92;4;6001;3;3;4;5
kldb92;4;6002;3;1;5;4
kldb92;4;6003;3;3;6;5
kldb92;4;6004;3;2;6;5
kldb92;4;6005;3;3;4;6
kldb92;4;6006;3;3;6;6
kldb92;4;6009;3;2;5;4
kldb92;4;6010;3;2;4;4
kldb92;4;6011;1;1;1;2
kldb92;4;6012;1;1;2;3
kldb92;4;6013;2;1;3;2
kldb92;4;6014;1;1;2;5
kldb92;4;6015;1;1;2;4
kldb92;4;6016;1;1;2;3
kldb92;4;6019;3;2;4;3
kldb92;4;6020;2;1;3;4
kldb92;4;6021;3;3;3;4
kldb92;4;6022;1;1;2;1
kldb92;4;6023;2;2;3;4
kldb92;4;6024;3;1;6;2
kldb92;4;6025;2;1;4;4
kldb92;4;6026;2;2;3;3
kldb92;4;6028;2;1;3;3
kldb92;4;6030;3;3;3;5
kldb92;4;6031;4;4;5;7
kldb92;4;6032;2;3;3;5
kldb92;4;6034;1;1;1;4
kldb92;4;6035;2;3;3;5
kldb92;4;6036;2;3;3;4
kldb92;4;6038;3;3;3;6
kldb92;4;6041;2;3;2;5
kldb92;4;6050;3;3;3;6
kldb92;4;6051;3;2;4;6
kldb92;4;6058;3;2;5;6
kldb92;4;6061;3;3;6;6
kldb92;4;6064;3;3;5;6
kldb92;4;6065;3;3;5;6
kldb92;4;6066;4;4;6;7
kldb92;4;6068;4;4;5;6
kldb92;4;6071;2;1;3;3
kldb92;4;6072;3;3;4;5
kldb92;4;6081;3;4;3;6
kldb92;4;6082;4;5;4;7
kldb92;4;6083;4;4;4;5
kldb92;4;6090;2;1;2;4
kldb92;4;6091;2;2;2;4
kldb92;4;6092;1;2;2;4
kldb92;4;6093;1;2;2;2
kldb92;4;6094;2;2;2;4
kldb92;4;6095;1;2;2;4
kldb92;4;6110;3;4;3;7
kldb92;4;6111;4;4;4;6
kldb92;4;6112;3;4;3;7
kldb92;4;6114;3;4;3;6
kldb92;4;6118;3;4;4;6
kldb92;4;6120;2;3;2;6
kldb92;4;6122;2;4;2;6
kldb92;4;6123;2;3;2;5
kldb92;4;6125;2;4;2;6
kldb92;4;6129;2;4;2;6
kldb92;4;6200;3;4;4;6
kldb92;4;6201;4;4;4;6
kldb92;4;6202;3;4;4;6
kldb92;4;6203;3;4;2;6
kldb92;4;6204;4;5;4;7
kldb92;4;6205;6;6;5;7
kldb92;4;6208;4;4;5;6
kldb92;4;6209;5;6;4;8
kldb92;4;6210;5;5;6;6
kldb92;4;6211;4;4;5;6
kldb92;4;6212;5;4;6;6
kldb92;4;6214;5;4;7;6
kldb92;4;6215;6;7;6;8
kldb92;4;6216;4;4;7;6
kldb92;4;6218;5;6;6;6
kldb92;4;6219;4;4;5;6
kldb92;4;6220;4;4;3;6
kldb92;4;6221;4;4;4;6
kldb92;4;6222;5;5;5;6
kldb92;4;6223;4;4;5;6
kldb92;4;6224;5;6;5;7
kldb92;4;6225;5;5;6;7
kldb92;4;6226;4;4;6;6
kldb92;4;6228;4;4;5;6
kldb92;4;6229;6;6;6;7
kldb92;4;6230;3;4;2;4
kldb92;4;6231;4;5;3;5
kldb92;4;6232;3;4;2;5
kldb92;4;6233;2;3;2;5
kldb92;4;6234;3;4;2;5
kldb92;4;6238;4;5;2;6
kldb92;4;6240;2;4;1;6
kldb92;4;6241;4;6;1;6
kldb92;4;6245;3;4;1;6
kldb92;4;6250;6;7;7;7
kldb92;4;6252;5;5;5;6
kldb92;4;6255;5;4;6;6
kldb92;4;6260;4;5;2;6
kldb92;4;6261;4;6;1;8
kldb92;4;6263;4;5;2;6
kldb92;4;6264;5;6;3;7
kldb92;4;6265;5;7;3;7
kldb92;4;6266;4;5;2;6
kldb92;4;6271;5;6;4;7
kldb92;4;6273;4;5;3;7
kldb92;4;6274;3;4;3;6
kldb92;4;6276;4;5;4;6
kldb92;4;6278;5;6;5;8
kldb92;4;6281;3;3;4;4
kldb92;4;6282;2;3;3;4
kldb92;4;6283;3;4;4;5
kldb92;4;6291;3;4;2;5
kldb92;4;6292;6;6;6;6
kldb92;4;6293;4;4;3;5
kldb92;4;6299;4;4;3;5
kldb92;4;6310;5;6;3;8
kldb92;4;6311;5;7;3;8
kldb92;4;6314;6;8;4;9
kldb92;4;6316;6;7;4;9
kldb92;4;6323;6;7;6;7
kldb92;4;6325;5;6;4;7
kldb92;4;6330;4;6;2;9
kldb92;4;6331;5;7;3;10
kldb92;4;6333;5;7;3;8
kldb92;4;6334;6;7;4;8
kldb92;4;6335;6;7;3;9
kldb92;4;6336;6;8;4;9
kldb92;4;6338;6;8;5;10
kldb92;4;6341;5;5;5;8
kldb92;4;6349;4;5;4;7
kldb92;4;6410;1;1;2;3
kldb92;4;6411;1;2;2;3
kldb92;4;6412;1;1;1;4
kldb92;4;6415;2;1;2;3
kldb92;4;6420;1;3;1;4
kldb92;4;6425;1;3;1;3
kldb92;4;6510;9;8;10;8
kldb92;4;6511;6;6;8;8
kldb92;4;6512;6;6;7;8
kldb92;4;6514;5;5;6;7
kldb92;4;6515;5;4;7;7
kldb92;4;6516;6;6;8;8
kldb92;4;6518;5;5;8;8
kldb92;4;6519;6;6;7;8
kldb92;4;6520;4;6;1;7
kldb92;4;6521;5;6;4;7
kldb92;4;6522;5;6;4;7
kldb92;4;6523;4;5;4;6
kldb92;4;6600;7;6;7;5
kldb92;4;6607;7;7;6;5
kldb92;4;6608;7;6;8;6
kldb92;4;6610;7;7;7;5
kldb92;4;6612;6;6;6;6
kldb92;4;6613;7;8;6;3
kldb92;4;6614;7;8;6;6
kldb92;4;6616;9;9;8;8
kldb92;4;6618;7;7;7;6
kldb92;4;6619;7;7;7;5
kldb92;4;6621;6;6;6;5
kldb92;4;6622;6;6;7;4
kldb92;4;6623;5;5;4;4
kldb92;4;6624;4;4;4;7
kldb92;4;6625;7;6;8;5
kldb92;4;6626;5;5;6;6
kldb92;4;6628;5;5;5;6
kldb92;4;6629;6;6;6;6
kldb92;4;6630;5;5;4;4
kldb92;4;6700;4;4;3;4
kldb92;4;6701;3;4;3;2
kldb92;4;6703;4;4;3;4
kldb92;4;6711;1;3;1;3
kldb92;4;6712;3;4;3;2
kldb92;4;6713;2;1;2;2
kldb92;4;6720;5;6;4;4
kldb92;4;6722;5;6;4;4
kldb92;4;6725;5;5;4;4
kldb92;4;6731;6;6;6;3
kldb92;4;6732;4;4;3;3
kldb92;4;6733;5;5;4;5
kldb92;4;6734;5;5;5;4
kldb92;4;6735;4;4;2;4
kldb92;4;6736;4;5;4;4
kldb92;4;6738;5;6;4;4
kldb92;4;6739;4;4;5;6
kldb92;4;6740;5;6;4;5
kldb92;4;6743;4;5;4;6
kldb92;4;6745;4;5;3;5
kldb92;4;6751;6;6;6;4
kldb92;4;6752;5;6;4;4
kldb92;4;6761;4;4;4;5
kldb92;4;6762;5;5;6;4
kldb92;4;6763;7;6;8;5
kldb92;4;6771;2;3;3;3
kldb92;4;6772;3;1;5;1
kldb92;4;6781;2;2;3;2
kldb92;4;6830;2;1;3;1
kldb92;4;6832;3;3;5;3
kldb92;4;6833;3;3;4;3
kldb92;4;6834;3;3;4;3
kldb92;4;6839;3;3;4;2
kldb92;4;6851;4;5;4;4
kldb92;4;6860;6;6;7;8
kldb92;4;6861;5;5;6;7
kldb92;4;6871;3;4;3;3
kldb92;4;6872;4;4;6;3
kldb92;4;6890;4;4;5;5
kldb92;4;6891;4;4;6;4
kldb92;4;6892;4;3;6;3
kldb92;4;6893;3;3;5;2
kldb92;4;6895;5;5;8;6
kldb92;4;6899;4;4;7;4
kldb92;4;6910;1;2;1;1
kldb92;4;6912;1;1;3;1
kldb92;4;6913;2;3;2;2
kldb92;4;6914;1;1;2;1
kldb92;4;6915;1;1;1;1
kldb92;4;6916;2;1;3;1
kldb92;4;6918;1;1;1;1
kldb92;4;6919;1;1;2;1
kldb92;4;6920;3;2;5;1
kldb92;4;6922;3;3;6;1
kldb92;4;6950;1;1;2;2
kldb92;4;6951;2;2;3;4
kldb92;4;6952;2;3;3;5
kldb92;4;6953;2;1;3;4
kldb92;4;6954;3;2;6;1
kldb92;4;6955;1;1;2;1
kldb92;4;6956;1;1;2;2
kldb92;4;6959;2;1;3;2
kldb92;4;7010;5;4;9;4
kldb92;4;7011;3;3;4;3
kldb92;4;7012;4;3;7;2
kldb92;4;7013;4;3;7;3
kldb92;4;7018;4;3;7;3
kldb92;4;7019;3;3;6;3
kldb92;4;7020;4;4;7;5
kldb92;4;7021;3;3;5;3
kldb92;4;7023;4;4;7;5
kldb92;4;7024;7;6;9;8
kldb92;4;7030;3;3;6;3
kldb92;4;7031;3;1;5;2
kldb92;4;7032;4;3;7;1
kldb92;4;7033;2;2;4;3
kldb92;4;7034;2;1;3;1
kldb92;4;7035;3;2;5;2
kldb92;4;7036;3;2;4;1
kldb92;4;7038;3;1;6;1
kldb92;4;7040;3;2;5;3
kldb92;4;7041;3;3;5;3
kldb92;4;7042;3;2;5;3
kldb92;4;7045;3;3;4;2
kldb92;4;7048;3;3;5;3
kldb92;4;7049;3;2;5;3
kldb92;4;7051;4;4;6;6
kldb92;4;7052;4;4;6;6
kldb92;4;7053;4;4;5;6
kldb92;4;7055;5;4;7;6
kldb92;4;7056;5;4;7;8
kldb92;4;7058;4;4;6;6
kldb92;4;7061;4;4;6;5
kldb92;4;7062;4;4;6;5
kldb92;4;7110;8;5;10;7
kldb92;4;7111;9;7;10;6
kldb92;4;7112;8;5;10;6
kldb92;4;7113;9;6;10;7
kldb92;4;7120;9;7;10;4
kldb92;4;7121;7;4;10;3
kldb92;4;7122;8;7;10;4
kldb92;4;7124;8;6;10;3
kldb92;4;7126;8;6;10;4
kldb92;4;7132;5;5;9;6
kldb92;4;7133;7;6;10;7
kldb92;4;7134;7;6;9;6
kldb92;4;7135;5;4;9;6
kldb92;4;7140;6;6;7;7
kldb92;4;7142;6;5;9;6
kldb92;4;7143;7;5;10;7
kldb92;4;7144;7;7;9;6
kldb92;4;7145;7;7;9;8
kldb92;4;7149;6;5;9;3
kldb92;4;7150;8;7;10;7
kldb92;4;7151;8;7;10;7
kldb92;4;7160;10;10;10;8
kldb92;4;7161;9;8;10;8
kldb92;4;7162;8;8;10;8
kldb92;4;7163;10;10;10;8
kldb92;4;7211;8;8;9;7
kldb92;4;7214;8;8;9;7
kldb92;4;7218;8;8;8;7
kldb92;4;7230;9;9;9;6
kldb92;4;7248;7;6;9;6
kldb92;4;7261;8;6;10;6
kldb92;4;7264;7;5;10;6
kldb92;4;7265;8;7;10;7
kldb92;4;7320;6;7;6;7
kldb92;4;7321;6;7;3;5
kldb92;4;7322;6;7;6;6
kldb92;4;7323;8;7;9;7
kldb92;4;7327;8;7;9;7
kldb92;4;7353;4;3;9;2
kldb92;4;7354;4;3;9;4
kldb92;4;7410;7;7;6;7
kldb92;4;7411;6;7;6;8
kldb92;4;7413;7;7;7;8
kldb92;4;7414;6;7;6;8
kldb92;4;7415;6;7;6;8
kldb92;4;7416;6;7;5;8
kldb92;4;7417;6;7;6;8
kldb92;4;7419;6;7;6;8
kldb92;4;7420;6;6;8;8
kldb92;4;7421;6;7;7;9
kldb92;4;7429;8;7;10;8
kldb92;4;7431;8;9;9;8
kldb92;4;7432;8;8;8;9
kldb92;4;7440;7;8;8;6
kldb92;4;7441;10;7;10;4
kldb92;4;7442;7;6;9;6
kldb92;4;7443;7;7;6;7
kldb92;4;7444;10;9;10;8
kldb92;4;7445;8;9;8;7
kldb92;4;7446;8;7;10;7
kldb92;4;7448;8;8;9;6
kldb92;4;7449;9;8;10;6
kldb92;4;7501;3;2;6;2
kldb92;4;7502;4;3;8;5
kldb92;4;7503;3;3;5;2
kldb92;4;7510;5;4;9;6
kldb92;4;7511;3;3;4;3
kldb92;4;7512;3;3;5;3
kldb92;4;7513;3;3;7;3
kldb92;4;7515;2;1;3;2
kldb92;4;7516;5;4;7;5
kldb92;4;7518;2;2;4;3
kldb92;4;7519;4;2;8;2
kldb92;4;7530;2;1;4;1
kldb92;4;7531;2;1;3;1
kldb92;4;7532;1;1;2;1
kldb92;4;7535;1;1;2;1
kldb92;4;7539;2;1;3;1
kldb92;4;7541;1;1;1;1
kldb92;4;7545;1;1;2;1
kldb92;4;7550;2;1;4;1
kldb92;4;7551;3;1;5;1
kldb92;4;7558;3;1;4;1
kldb92;4;7561;3;2;4;3
kldb92;4;7562;1;1;2;1
kldb92;4;7564;4;4;5;5
kldb92;4;7570;3;1;5;1
kldb92;4;7571;2;1;4;1
kldb92;4;7572;2;1;3;1
kldb92;4;7574;2;1;4;1
kldb92;4;7611;3;1;6;2
kldb92;4;7613;4;1;7;4
kldb92;4;7632;3;3;5;1
kldb92;4;7633;2;3;2;2
kldb92;4;7640;2;2;3;2
kldb92;4;7642;1;2;2;1
kldb92;4;7643;1;1;2;2
kldb92;4;7644;3;1;6;1
kldb92;4;7646;2;1;3;1
kldb92;4;7650;2;2;3;2
kldb92;4;7651;2;1;3;1
kldb92;4;7652;1;1;2;3
kldb92;4;7653;2;1;2;1
kldb92;4;7654;2;2;3;1
kldb92;4;7655;2;2;3;1
kldb92;4;7656;1;1;1;1
kldb92;4;7659;1;1;1;1
kldb92;4;7711;1;1;2;1
kldb92;4;7712;2;2;2;2
kldb92;4;7713;2;2;3;1
kldb92;4;7714;2;3;2;2
kldb92;4;7715;2;3;3;1
kldb92;4;7716;1;2;1;1
kldb92;4;7720;1;2;2;2
kldb92;4;7721;2;1;3;1
kldb92;4;7722;2;1;3;1
kldb92;4;7723;1;1;1;1
kldb92;4;7724;1;1;1;1
kldb92;4;7726;3;1;5;1
kldb92;4;7729;1;1;2;1
kldb92;4;7730;6;4;9;3
kldb92;4;7731;6;5;10;5
kldb92;4;7732;5;4;9;3
kldb92;4;7733;4;4;8;3
kldb92;4;7734;5;4;9;3
kldb92;4;7741;3;1;6;1
kldb92;4;7742;3;1;7;1
kldb92;4;7743;3;1;7;1
kldb92;4;7744;4;2;8;1
kldb92;4;7745;4;2;8;1
kldb92;4;7750;2;1;5;1
kldb92;4;7751;3;1;6;2
kldb92;4;7752;2;1;5;1
kldb92;4;7761;3;1;7;1
kldb92;4;7762;3;1;6;1
kldb92;4;7763;3;1;6;2
kldb92;4;7764;3;1;7;1
kldb92;4;7771;3;1;5;1
kldb92;4;7772;3;1;5;1
kldb92;4;7781;4;3;7;3
kldb92;4;7782;3;2;7;1
kldb92;4;7783;4;2;8;1
kldb92;4;7784;4;2;9;2
kldb92;4;7791;3;1;6;1
kldb92;4;7792;2;1;4;1
kldb92;4;7798;2;1;5;1
kldb92;4;7800;3;4;2;3
kldb92;4;7801;2;3;1;3
kldb92;4;7802;2;3;1;3
kldb92;4;7803;1;2;1;2
kldb92;4;7804;2;3;2;3
kldb92;4;7805;3;3;3;4
kldb92;4;7806;2;3;2;3
kldb92;4;7820;1;2;1;4
kldb92;4;7824;1;2;1;3
kldb92;4;7825;2;3;1;4
kldb92;4;7832;2;2;2;3
kldb92;4;7840;3;3;1;3
kldb92;4;7843;1;4;1;3
kldb92;4;7844;2;3;1;4
kldb92;4;7851;1;2;1;4
kldb92;4;7852;2;3;2;3
kldb92;4;7856;2;3;2;3
kldb92;4;7861;1;1;1;4
kldb92;4;7862;1;1;2;1
kldb92;4;7863;1;2;1;2
kldb92;4;7870;1;2;1;3
kldb92;4;7871;2;2;2;3
kldb92;4;7872;1;3;1;4
kldb92;4;7873;2;2;2;2
kldb92;4;7874;3;3;2;1
kldb92;4;7875;5;4;7;5
kldb92;4;7876;2;3;1;3
kldb92;4;7878;2;2;3;3
kldb92;4;7879;4;4;4;5
kldb92;4;7880;1;2;1;3
kldb92;4;7881;1;3;1;3
kldb92;4;7882;2;3;1;3
kldb92;4;7883;1;1;1;1
kldb92;4;7884;2;3;2;3
kldb92;4;7885;3;4;2;5
kldb92;4;7886;3;4;1;4
kldb92;4;7888;3;4;3;4
kldb92;4;7889;2;3;1;4
kldb92;4;7890;1;2;1;3
kldb92;4;7891;2;2;2;2
kldb92;4;7892;1;1;1;2
kldb92;4;7894;2;2;2;3
kldb92;4;7899;2;3;1;4
kldb92;4;7910;8;6;10;7
kldb92;4;7911;8;6;10;7
kldb92;4;7912;8;6;10;7
kldb92;4;7913;8;6;10;7
kldb92;4;7920;6;5;10;6
kldb92;4;7923;6;5;9;7
kldb92;4;7924;5;5;8;7
kldb92;4;7925;6;6;9;7
kldb92;4;7926;6;6;8;6
kldb92;4;7928;7;7;9;8
kldb92;4;7929;6;5;8;6
kldb92;4;7930;5;4;7;6
kldb92;4;7940;9;10;9;8
kldb92;4;7942;7;7;8;8
kldb92;4;7944;8;7;9;8
kldb92;4;7945;8;8;9;8
kldb92;4;7949;7;6;9;8
kldb92;4;7951;8;8;9;10
kldb92;4;7952;9;8;9;10
kldb92;4;7954;9;9;9;10
kldb92;4;7960;6;7;3;7
kldb92;4;7962;4;6;3;7
kldb92;4;7963;5;6;3;7
kldb92;4;7964;7;7;4;8
kldb92;4;8011;7;5;10;6
kldb92;4;8012;6;4;9;6
kldb92;4;8013;6;4;9;7
kldb92;4;8014;6;5;9;7
kldb92;4;8020;10;10;10;10
kldb92;4;8021;9;7;10;9
kldb92;4;8022;9;7;10;10
kldb92;4;8023;10;10;10;10
kldb92;4;8025;7;6;10;8
kldb92;4;8030;8;8;9;8
kldb92;4;8031;7;6;8;8
kldb92;4;8032;8;8;9;9
kldb92;4;8033;9;8;9;9
kldb92;4;8035;8;7;9;8
kldb92;4;8038;9;10;9;8
kldb92;4;8039;9;9;9;9
kldb92;4;8041;7;10;3;10
kldb92;4;8042;8;10;6;10
kldb92;4;8050;7;6;9;8
kldb92;4;8051;8;7;9;8
kldb92;4;8052;8;7;9;8
kldb92;4;8055;8;6;9;8
kldb92;4;8111;2;1;4;1
kldb92;4;8112;3;1;6;1
kldb92;4;8121;1;1;1;1
kldb92;4;8130;1;1;2;1
kldb92;4;8131;2;1;4;1
kldb92;4;8132;1;1;2;1
kldb92;4;8133;1;1;2;1
kldb92;4;8134;1;1;2;1
kldb92;4;8135;1;1;2;1
kldb92;4;8136;2;1;3;1
kldb92;4;8138;2;1;2;1
kldb92;4;8141;5;4;9;5
kldb92;4;8142;5;4;7;5
kldb92;4;8211;3;1;7;2
kldb92;4;8213;3;1;8;1
kldb92;4;8214;3;1;6;2
kldb92;4;8215;4;1;8;1
kldb92;4;8216;4;1;7;2
kldb92;4;8219;3;1;6;1
kldb92;4;8221;1;1;2;4
kldb92;4;8222;2;1;2;2
kldb92;4;8231;2;3;2;4
kldb92;4;8232;3;4;3;6
kldb92;4;8233;3;4;2;6
kldb92;4;8234;4;4;4;6
kldb92;4;8235;3;4;3;6
kldb92;4;8236;4;4;4;6
kldb92;4;8237;3;4;3;5
kldb92;4;8238;3;4;1;7
kldb92;4;8310;6;5;9;6
kldb92;4;8312;5;4;8;5
kldb92;4;8314;5;4;8;4
kldb92;4;8316;5;4;7;4
kldb92;4;8321;6;5;8;6
kldb92;4;8322;6;5;8;6
kldb92;4;8325;7;6;9;7
kldb92;4;8326;6;5;9;6
kldb92;4;8327;6;5;8;6
kldb92;4;8328;7;6;9;7
kldb92;4;8329;6;5;8;6
kldb92;4;8330;5;5;7;6
kldb92;4;8331;5;5;7;6
kldb92;4;8332;5;5;7;6
kldb92;4;8333;5;5;7;6
kldb92;4;8340;3;4;4;6
kldb92;4;8341;4;4;5;6
kldb92;4;8342;3;3;5;6
kldb92;4;8343;4;3;7;4
kldb92;4;8344;4;4;4;6
kldb92;4;8346;3;4;5;6
kldb92;4;8349;4;4;5;6
kldb92;4;8351;6;5;7;6
kldb92;4;8352;8;7;9;6
kldb92;4;8353;5;5;7;6
kldb92;4;8354;5;4;8;5
kldb92;4;8355;7;7;8;7
kldb92;4;8356;6;5;8;6
kldb92;4;8358;6;5;8;6
kldb92;4;8359;6;6;7;6
kldb92;4;8361;6;6;5;7
kldb92;4;8363;4;4;4;6
kldb92;4;8364;4;4;5;6
kldb92;4;8370;4;4;4;5
kldb92;4;8373;5;5;6;5
kldb92;4;8375;5;5;5;5
kldb92;4;8379;5;5;5;5
kldb92;4;8383;6;7;7;5
kldb92;4;8384;6;6;7;5
kldb92;4;8389;6;6;7;5
kldb92;4;8390;5;5;4;7
kldb92;4;8410;7;5;10;5
kldb92;4;8411;8;5;10;5
kldb92;4;8412;8;7;10;7
kldb92;4;8413;8;6;10;6
kldb92;4;8414;8;6;10;6
kldb92;4;8415;8;6;10;7
kldb92;4;8416;8;6;10;6
kldb92;4;8418;6;5;10;6
kldb92;4;8419;9;6;10;8
kldb92;4;8420;5;6;5;6
kldb92;4;8421;6;6;7;6
kldb92;4;8431;7;7;8;7
kldb92;4;8441;5;5;6;6
kldb92;4;8511;6;6;7;5
kldb92;4;8520;5;6;2;2
kldb92;4;8521;6;6;7;5
kldb92;4;8522;6;7;5;5
kldb92;4;8523;7;7;7;8
kldb92;4;8524;5;6;4;5
kldb92;4;8525;6;6;6;6
kldb92;4;8530;10;8;10;6
kldb92;4;8531;8;7;9;6
kldb92;4;8532;9;7;10;6
kldb92;4;8533;7;6;10;5
kldb92;4;8534;10;9;10;7
kldb92;4;8535;10;9;10;8
kldb92;4;8536;9;7;10;4
kldb92;4;8538;9;7;10;5
kldb92;4;8539;9;8;10;5
kldb92;4;8541;9;8;9;6
kldb92;4;8542;10;10;10;8
kldb92;4;8551;6;6;6;6
kldb92;4;8552;5;4;6;5
kldb92;4;8560;4;4;4;4
kldb92;4;8561;4;5;4;4
kldb92;4;8562;4;5;3;7
kldb92;4;8563;5;6;4;6
kldb92;4;8564;3;3;3;4
kldb92;4;8570;6;6;6;6
kldb92;4;8571;6;5;8;7
kldb92;4;8572;10;8;10;5
kldb92;4;8573;6;6;7;6
kldb92;4;8574;6;6;7;6
kldb92;4;8575;7;6;8;6
kldb92;4;8580;5;6;5;6
kldb92;4;8591;2;4;1;4
kldb92;4;8592;3;5;2;4
kldb92;4;8594;4;5;1;3
kldb92;4;8595;4;4;2;5
kldb92;4;8599;4;4;2;5
kldb92;4;8610;4;4;5;5
kldb92;4;8611;4;4;6;5
kldb92;4;8613;6;5;9;6
kldb92;4;8614;4;4;5;5
kldb92;4;8615;4;4;6;5
kldb92;4;8616;4;4;5;5
kldb92;4;8619;4;4;6;4
kldb92;4;8620;5;5;5;5
kldb92;4;8621;5;5;5;4
kldb92;4;8627;5;5;5;4
kldb92;4;8630;5;6;5;2
kldb92;4;8631;5;6;2;1
kldb92;4;8632;5;5;5;4
kldb92;4;8633;7;5;9;2
kldb92;4;8637;5;5;6;2
kldb92;4;8639;4;5;4;4
kldb92;4;8640;10;9;10;4
kldb92;4;8641;8;7;9;4
kldb92;4;8642;8;7;9;4
kldb92;4;8647;10;9;10;4
kldb92;4;8649;8;7;9;5
kldb92;4;8650;6;6;8;5
kldb92;4;8660;6;6;8;5
kldb92;4;8667;8;7;9;5
kldb92;4;8670;5;6;4;2
kldb92;4;8681;1;2;1;1
kldb92;4;8682;3;3;4;2
kldb92;4;8683;3;4;4;4
kldb92;4;8684;3;4;3;3
kldb92;4;8690;4;5;3;6
kldb92;4;8691;3;4;3;6
kldb92;4;8694;5;5;6;4
kldb92;4;8697;4;4;3;4
kldb92;4;8701;5;5;6;2
kldb92;4;8702;5;4;7;2
kldb92;4;8708;5;4;8;2
kldb92;4;8711;4;3;7;1
kldb92;4;8712;4;4;4;3
kldb92;4;8713;2;3;2;4
kldb92;4;8714;3;4;4;3
kldb92;4;8719;4;4;4;3
kldb92;4;8721;5;4;7;4
kldb92;4;8728;5;4;7;3
kldb92;4;8731;5;5;4;4
kldb92;4;8732;5;5;5;5
kldb92;4;8733;5;5;6;5
kldb92;4;8734;5;5;6;2
kldb92;4;8735;4;5;4;3
kldb92;4;8736;5;5;5;4
kldb92;4;8738;5;4;8;3
kldb92;4;8739;4;4;5;3
kldb92;4;8740;4;4;5;3
kldb92;4;8742;5;4;6;4
kldb92;4;8743;4;4;6;5
kldb92;4;8745;5;5;6;5
kldb92;4;8748;4;4;7;3
kldb92;4;8749;5;4;7;3
kldb92;4;8751;5;5;6;4
kldb92;4;8752;4;4;5;2
kldb92;4;8753;4;4;5;3
kldb92;4;8754;5;4;5;3
kldb92;4;8760;6;7;5;4
kldb92;4;8764;6;7;5;6
kldb92;4;8765;6;6;5;5
kldb92;4;8766;6;6;6;6
kldb92;4;8768;6;6;5;5
kldb92;4;8769;6;6;6;3
kldb92;4;8781;6;6;7;7
kldb92;4;8793;4;4;4;2
kldb92;4;8794;3;4;3;2
kldb92;4;8795;4;5;4;5
kldb92;4;8796;4;4;4;3
kldb92;4;8798;4;5;4;3
kldb92;4;8799;5;5;6;2
kldb92;4;8801;3;4;2;6
kldb92;4;8802;3;3;3;5
kldb92;4;8803;2;3;2;6
kldb92;4;8810;2;3;1;3
kldb92;4;8811;1;2;1;3
kldb92;4;8813;2;1;3;2
kldb92;4;8814;1;2;1;3
kldb92;4;8815;1;1;1;4
kldb92;4;8821;3;4;3;4
kldb92;4;8824;3;4;3;6
kldb92;4;8825;4;5;3;6
kldb92;4;8826;3;3;4;4
kldb92;4;8828;4;4;5;4
kldb92;4;8829;3;3;4;4
kldb92;4;8830;3;4;2;5
kldb92;4;8831;4;5;3;6
kldb92;4;8832;3;4;2;6
kldb92;4;8833;3;4;2;6
kldb92;4;8834;3;3;3;5
kldb92;4;8835;3;4;3;5
kldb92;4;8836;3;4;2;5
kldb92;4;8838;3;4;2;5
kldb92;4;8840;3;2;3;3
kldb92;4;8841;2;2;2;3
kldb92;4;8842;2;2;3;4
kldb92;4;8843;2;2;2;3
kldb92;4;8846;3;2;3;3
kldb92;4;8850;3;3;2;3
kldb92;4;8851;3;4;3;2
kldb92;4;8852;3;4;3;2
kldb92;4;8855;3;4;3;4
kldb92;4;8860;2;2;2;1
kldb92;4;8862;2;2;1;1
kldb92;4;8863;2;3;2;2
kldb92;4;8866;1;2;1;1
kldb92;4;8869;2;2;1;1
kldb92;4;8871;1;2;1;1
kldb92;4;8872;3;3;3;1
kldb92;4;8910;4;2;8;1
kldb92;4;8911;4;3;7;1
kldb92;4;8912;4;3;9;1
kldb92;4;8913;3;3;6;1
kldb92;4;8916;4;3;7;1
kldb92;4;8941;5;4;8;2
kldb92;4;8942;5;4;8;3
kldb92;4;9010;6;7;5;10
kldb92;4;9012;6;7;4;10
kldb92;4;9020;4;4;3;6
kldb92;4;9022;3;5;2;8
kldb92;4;9023;4;5;2;8
kldb92;4;9025;4;5;3;8
kldb92;4;9110;7;7;9;9
kldb92;4;9111;7;6;9;8
kldb92;4;9112;7;7;9;8
kldb92;4;9114;9;7;10;8
kldb92;4;9115;6;7;7;8
kldb92;4;9118;7;7;9;7
kldb92;4;9120;9;8;10;9
kldb92;4;9121;8;7;9;8
kldb92;4;9125;10;9;10;8
kldb92;4;9127;8;9;8;9
kldb92;4;9129;7;6;9;8
kldb92;4;9140;7;5;9;7
kldb92;4;9141;7;6;9;7
kldb92;4;9142;7;5;9;7
kldb92;4;9145;7;5;10;6
kldb92;4;9146;7;5;10;7
kldb92;4;9149;7;6;10;7
kldb92;4;9150;6;6;7;9
kldb92;4;9151;7;7;8;8
kldb92;4;9152;7;6;8;8
kldb92;4;9153;8;9;8;10
kldb92;4;9154;8;7;8;10
kldb92;4;9159;7;7;8;8
kldb92;4;9210;5;6;4;7
kldb92;4;9211;5;6;4;7
kldb92;4;9212;6;7;4;7
kldb92;4;9215;6;6;5;7
kldb92;4;9218;4;4;3;6
kldb92;4;9230;6;7;4;7
kldb92;4;9232;7;8;6;8
kldb92;4;9233;7;8;6;8
kldb92;4;9237;6;7;6;6
kldb92;4;9238;6;6;6;7
kldb92;4;9310;10;9;10;8
kldb92;4;9312;9;8;9;9
kldb92;4;9314;8;8;7;9
kldb92;4;9315;8;9;9;9
kldb92;4;9317;9;9;9;8
kldb92;4;9319;10;10;9;9
kldb92;4;9340;8;8;8;8
kldb92;4;9341;9;9;8;8
kldb92;4;9343;8;8;8;7
kldb92;4;9350;8;10;7;9
kldb92;4;9352;8;10;6;10
kldb92;4;9354;8;9;6;9
kldb92;4;9357;9;10;7;9
kldb92;4;9360;10;9;9;9
kldb92;4;9361;8;9;8;8
kldb92;4;9369;10;10;9;9
kldb92;4;9370;10;10;9;9
kldb92;4;9371;10;10;8;8
kldb92;4;9372;10;10;9;9
kldb92;4;9374;10;10;9;9
kldb92;4;9711;3;4;4;8
kldb92;4;9821;3;4;3;6
kldb92;4;9931;5;5;5;5
kldb92;4;9941;4;7;1;6
kldb92;4;9951;4;5;2;5
kldb92;4;9971;3;4;2;4
